Failed_Logins,Connection_Count,Packet_Size,Login_Hour,Port_Requests,Attack
2,8,450,10,2,0
5,12,520,11,3,0
8,15,480,9,4,0
10,18,600,14,5,0
12,20,550,13,4,0
15,25,620,15,6,0
18,22,580,12,5,0
20,30,650,16,7,0
22,28,700,10,6,0
25,35,720,9,8,1
28,40,760,22,10,1
30,45,800,23,12,1
35,50,850,1,15,1
40,55,900,2,18,1
45,60,950,3,20,1
50,65,1000,0,22,1
60,70,1100,4,25,1
75,80,1200,2,30,1
90,95,1300,1,35,1
100,110,1400,23,40,1
120,125,1500,0,45,1
150,140,1600,3,50,1
180,160,1800,2,60,1
220,180,2000,1,70,1
250,200,2200,0,80,1